Time,V1,V2,V3,V4,V5,V6,V7,V8,V9,V10,V11,V12,V13,V14,V15,V16,V17,V18,V19,V20,V21,V22,V23,V24,V25,V26,V27,V28,Amount,Class
0,2.8014521178013685,0.6049865139680368,0.17716559145814753,0.04667804793859142,1.2205282983025443,-1.046300920530162,1.0913303429945354,1.6432826780491514,-0.4521748384714524,0.29226887730514794,0.30603848715026477,0.7258912932995004,0.6296186726099671,0.405635916828992,-2.4348649202633204,-1.133331633088906,-1.5505653133646444,0.41231289268281984,-0.42519474875706426,0.09176245343692715,-0.9007315632098144,-0.47894424197830116,-1.8106032940764516,2.52033784562599,-0.024278163838807553,-0.6686226702507989,-0.7563816212502712,0.3666684756531117,169.67229807121353,0
1,0.22826683869395797,0.2951656826527972,-1.589680938563992,0.9215976618633887,-1.1253675849881852,-1.771892024503255,0.2753996915808678,0.7562281241552177,-1.5465672464868647,0.05234729183382169,-0.9945085041749299,1.2788457120326577,1.0701613620417887,-0.6746904518538195,1.0081122040767978,-0.7223710465729055,0.20493057303809514,1.0090080877883272,0.5166047821174229,0.7533527791653636,-0.16484488676107728,-1.2966176319591405,1.3433683433304315,-1.6694564747927925,-1.422467015061993,0.15671580270007573,1.1791319000283034,-0.23042081789010893,392.55647008706893,0
2,0.34328771716905027,-0.7532902073885199,0.46419230845479603,-1.0361945100533378,-0.3521582419396725,-0.56489927906422,0.49923444005788714,0.3931793007248672,0.2648009739639831,-0.8404144910656277,-1.324379991900921,0.9377276138507675,-0.10691709310376793,-0.9573228407096235,-0.83930042888177,0.40671563529550103,-0.2417579439541571,0.6456723344825361,-0.8426548319718359,-3.99622789137327,-0.38056774940620575,-1.277396075611442,-0.9291831410615937,-0.7505313620620346,0.4157920001172943,1.055289670023602,-0.570672355912802,1.612687313429827,571.7440987405022,0
3,-0.18578920196977594,-1.6762500652487162,-0.8777997052700017,-0.7572870540031289,-0.6294649225009907,1.138795022635499,0.8821661980992946,-0.5955322908828955,-0.8713825557354158,-1.1829761539338273,-0.6568370723069757,-1.2540394244569992,0.24988958277732132,0.8252748833630746,1.2026083580152427,-0.047974856112149966,1.1454118933155504,-0.668606706244113,0.5248393104728296,-1.1847181423640558,-0.40913021245109743,0.6154418060470227,-0.9078783054793458,-0.6125102588344005,-2.09106069288421,1.0922288400775868,0.06415467001271383,-0.31851573182578785,712.3121638855458,0
4,0.5054009559707179,0.850117253587887,-0.8743006341405523,-0.4692046537134636,-0.02652983876864347,-1.1401874062667658,-1.1486412726753208,1.2948123815873362,-1.0656095613117165,-0.11447206094325346,-0.5740007784921015,-1.8749267559582794,-0.3242073859638677,0.9283064388994138,0.5556332155562853,-0.7301389730777509,1.6133619212995143,-1.4892760266856213,0.10582432491693178,-0.5750070070801969,0.3886329337160676,-0.5083433842818581,0.5719493708677028,-0.8610417170275169,-0.12585278019670296,-2.284400181197336,0.45765949894189206,-0.11752043310484284,418.83505167303326,0
5,0.835133915768852,-0.40008052714077647,1.6279670659810985,-0.8106164738522126,0.5649936070691861,1.2876570403361585,0.6093348648388561,-0.4564160085808723,-0.23450318781949203,0.3094501322878037,0.8127620974964146,-1.0957796427707627,-0.6654317169257138,-1.0517684486019463,1.5734298180542887,0.6536515456851805,-0.4123841774176027,3.1871040320013444,-0.14726716843830182,0.6768315866698623,-0.3075096522816866,0.4504992028206759,0.2759442916351087,0.023542586477825797,-0.1274637070970257,-0.4199234828688347,0.28978958618891365,0.3787198216460303,334.93254709124477,0
6,0.07095680350368025,0.06808421872850383,0.272958578666222,0.775748607128605,-0.3737371401731038,1.0832252879653028,-0.9166394387604533,0.8844717977415638,-1.2893084883267785,0.18370857305960964,0.01993686784711885,-0.019433068868230347,-0.0637362219107855,2.0719009828966923,0.5813030290829538,-0.48105463027242196,-0.09860018877262718,-0.5920327107857868,-1.505592874419972,0.9853946434541292,-0.11668867040800159,-1.5357216836785799,0.020473743014209993,0.2646582211516052,0.6508509433259169,0.6254218001832201,1.1463934300932448,1.2067498091014544,278.51027770563707,0
7,0.4429191134887724,1.9062378537454405,1.2533773591432176,0.5857872770799977,0.1363419349199963,-0.6559065559804227,-0.3987143435395244,-0.89937157528672,0.2859933704830724,-0.5557361183648906,-0.1876666976486015,0.545778555505002,-0.23260031838880307,0.1735713236139489,-1.2809831237541227,0.5480992585163073,1.985960493315227,-0.8006328327571312,-0.3258911818261956,1.3044103936050797,2.0385124997425526,-0.16072514535174423,1.861037179373249,-0.09836462517321651,0.8766686771475715,1.1801172391008246,-0.42579499168230833,1.2570126261106302,500.5309598498534,0
8,0.2776091974249582,-0.5934930530196793,0.5592526047010544,1.2682254702724713,2.3140364643750058,-0.1476141088679535,0.6371871591210527,0.16876508549137792,-1.3783337871925192,0.07888503800754341,-0.5904695647295569,0.8610182310012621,1.140231430052597,-1.0358336024749872,-0.4881128505506915,-0.3040011229607299,1.3101047300225073,0.05708126430582146,0.4131789151915318,0.2934661497541868,-0.040545044000944976,1.1809377446574898,0.5633365804678437,1.4685600672422634,-0.49540855078175416,1.2299415348284495,-0.45611909830912384,0.3117948551712096,453.3860217460728,0
9,0.7366017323407397,-1.9833683274618152,-0.16220052784005046,0.21127553397030552,0.9124799778611293,0.495367732049744,-0.6646407147438953,1.341180227571391,1.49293807528657,0.23988961128448055,1.331196634824385,0.28040755639812365,-1.4604741818817224,0.3226921754600294,-0.8461582515797655,-0.2632987616924994,-2.2639546080552053,-1.980181691220329,-1.8642393149212086,-0.4380467002833329,0.7198502800531583,0.595531763856977,1.9088072245199026,0.11570770591232192,-0.3191520279042587,-1.444300099186634,-0.9401416723971838,1.4916154081415882,601.1605534277904,0
10,0.00131274104487119,1.4214612467032872,-1.2880110567524676,1.2309848836847812,0.4309523927902437,-0.8707038739274366,-1.6436641847066467,-1.0535101268738407,-0.6475601828495855,1.7861908480807236,-1.3510681272308949,-1.4144029845079735,-0.35279776297222093,-2.338141426885896,0.9140733922491693,-0.1934089211203011,-0.8775079785452603,0.04339300746696091,-0.16684173339203198,0.5759926312582401,-1.4888540420872058,0.4210711554600019,-0.42403444870464846,0.4138540383132556,2.1230766861147847,-1.1789335815722533,0.5012181544437494,-2.213498278260203,106.62991209942419,0
11,-0.3578496914365165,0.47323650233389214,0.8239015589830004,0.6311908758554436,0.8620126979593473,0.4943529999573259,-1.1610421298380973,1.6892829235207907,-0.5235983245815872,-0.5635373518731462,0.09093407932582868,1.561469722084959,-0.08592630052963719,-0.6230635582760508,0.049134898723818335,-2.898002596549745,0.08737338973066124,0.6891998135316866,1.5322830039889477,0.7040141391799865,0.8973046386129405,0.45139740175560145,-0.04563068953457636,-0.054734369698683456,0.06081326044785736,0.43486101228154733,-0.4617253132646984,-0.24907995705374908,730.3077177007141,0
12,-0.563226456047789,0.931536670350523,0.6174915492997929,1.1916554903071988,0.5000534783004124,0.414861449594017,-0.7875781488703865,-0.6171457742217504,-0.6656748348659275,-0.6721457941120368,0.5704969302403846,-0.6936386375447616,-0.11013010237641435,-0.17837128704986013,-1.3793724659835813,-0.2982710971227401,0.21216439859791125,0.4328356193002374,1.3633935328888713,0.4227067904890857,0.9348910686701286,0.9563513965267457,0.1393575439995006,0.11114610806055016,1.7012324970045778,0.38436901054082595,-0.2614006860253275,-1.4633693134861163,534.5934821336411,0
13,-0.34025121694285276,-0.6538401426551005,-0.35460060589040604,0.7500395423046975,0.7847004542743473,-0.78323866951957,-1.518308934519224,-1.4440578125776309,-1.0337425268598412,0.3546818633054115,1.040681751772284,-0.011304163495293437,1.2883805267920136,-1.3916360992696384,-0.4960628608143708,0.07748762478513671,0.6627776928150727,-1.031625051858468,1.5040362660449247,-0.08229365538516774,1.226473013809133,1.5616080047060108,0.8067745171073927,0.05555547478784366,0.7692570597274413,1.7027418672837917,-1.0112077525424028,2.102811893057281,161.9746858076513,0
14,-0.25601612356011927,-0.045381694562065505,-0.3536419388521516,-0.2419446702670017,0.7756411992730702,0.19586213269572117,-1.003936832132096,-1.8092652619450678,-0.08732761907518094,-0.5388795402467819,0.5137906577019926,0.42924957470090835,-0.14261847516214815,-0.5432435451509333,-1.4726363926255464,-0.17045078639636038,0.09642243678297045,-1.2043759298850376,-0.24618163176563093,-0.5281518122459579,-1.2187260004303093,0.548527339819344,-0.8335443587470819,-0.6499934381864668,-0.38031801179211566,0.024441593708702795,-0.04067433021575218,-1.43813599188962,333.92021865001396,0
15,-0.9266646213254557,-0.5476456395203388,2.2223846150209416,0.1749804805876597,-0.42112969186336374,0.5375715034271613,-0.1934006544772118,0.22510219997631353,-0.13606580643477756,-0.5186034526467456,-0.17590997559254462,0.38334363389444376,-1.0736630438775108,1.4512204285515418,-0.29656798954555075,1.6692125951139138,-0.375134320297086,-0.38163390773811284,2.22013447991833,0.7698698872342716,-1.3546840534678775,-0.28947708421839985,-0.044869937399554805,0.028570477686231555,1.1755000332067176,-0.4067967600614286,-1.8234569083395662,0.08408791433249942,922.2616376626816,0
16,0.7345524002096241,-0.4120127762335184,-0.6743541363734362,-1.019331328452678,0.10188156712751276,0.7597012287249505,-0.11590797640354317,0.09395187110988534,0.6966785295570623,0.33168577797771304,-1.3896646641533523,0.35190834390254205,-2.6593933094928532,0.6227185300919056,1.6305426775729697,1.618881763733962,0.1333743450037096,-0.5519382306032468,1.7294419377477859,-0.9076296710302268,1.8754409112517887,-0.4080267620450625,0.6013373887514547,0.3289508341531605,-0.1570931308161098,0.18330423630469359,-0.17038886324934616,0.5933362924124913,171.99245626187763,0
17,-0.16222176870644622,-0.10787393027885654,-0.011742783170383542,-0.54187400893374,-0.16553543537018886,0.30025979910895095,1.0583252192820864,1.4301839616590615,0.5354038391535467,-0.334878531429802,0.5893191720698672,-0.667675891621601,-0.026290507159219857,-0.49679230685438514,0.21467558881325746,-0.43145913141951575,-0.43962244624179125,0.5450688655022001,-0.7029555355635173,0.8505575738159974,-0.6221410945447797,-0.8101987723505635,-0.37803349298235445,0.8113042506330793,0.9666087203611763,-1.440631238606185,-0.34132284947314984,1.159832357105655,64.93800357341517,0
18,0.202493368090084,0.040938411780752124,-0.5954807811250625,0.026321561535542624,-0.6943828453029204,-0.3519705426938654,-1.2051200386833254,0.3471813331418271,-1.1577715879079695,-0.8198032401185551,0.8130236874795195,1.0250203071832422,-0.20141639269786776,-1.1391603335926586,-0.6468868226276254,-1.9845177015544913,-1.7133076845163466,-2.8592902248611063,0.47447148238292725,2.392732111418124,1.2889170558409282,1.5666750753900816,0.18703411024585576,0.8457456824255819,-0.3188508804058245,-0.04121497486378955,-0.6517588108452863,0.3405418631351549,165.14615916324516,0
19,-1.7458008306611206,-1.2886715651629412,1.3943864841246807,-0.9251260896535557,0.9152063367213257,1.3019121641020743,1.0289654305778215,-0.6015849592171406,-0.7830116124931684,0.30582212002907194,0.242899954214332,0.31231795939517926,0.2532827759108936,1.4045789597734692,-0.29266230768181617,-0.1264727037584543,-0.05282216496811999,-0.7589751672504684,-0.2863329454603447,0.5359604221711305,1.426211999346611,-1.117897509825296,0.7640284755760895,-0.20483757921619175,0.2791613638026223,-1.111143059882321,-1.8335837017561418,-0.48259966375709856,377.7005673870545,0
20,-0.5583434277121687,-0.8739040924681848,-0.5150280329933187,1.40198409929127,-0.10506484633824031,0.4643277678408359,0.6970108219975468,0.49006104273351564,-0.0077013779723707045,-0.5656971197034159,0.31439541850241615,0.04613944185185061,-0.7578960608938763,0.08908884029389781,0.6129247260039318,-0.4760843442172454,-0.566506769539829,0.2542048847032704,0.7841329819753416,0.9898590533655234,-3.693175337558662,-2.4407280921984595,-1.2728236733873841,0.8429877480252191,2.1235524283371263,0.24921948000186012,1.0746002741663832,0.10827361356639176,599.4550951897279,0
21,-0.57978483720356,-1.5794041758250794,1.6624610236359245,0.6752282246600153,0.8878541967074587,-1.1115489686246802,0.2845631055164406,0.16339065344880305,-1.3852410187832855,-1.3133668199557116,-1.0881294937538457,0.29718390163079805,-0.3177227205470398,0.8948815533655806,-1.1308152151895177,-0.42490139764461327,0.22225592588290452,-0.019427851194607392,0.010794554849049499,0.7851669633650925,0.5318386489343772,-0.7638036086695202,2.861849965474415,0.2625148272760758,1.4158405357448207,-1.1897662300236596,-0.30530587238868395,-0.025371090503353063,971.3929899663657,0
22,0.2255369438611457,0.582029057612837,-0.6779966413402194,0.44499198538579243,-1.3667884295303874,-1.4431022744786055,-0.890964335191062,-1.3645018833935907,0.2714276952929493,0.27467239146574,0.8093152304060617,-0.6450555027842099,-1.2731176403563578,-0.28217669356577424,-0.780964193042475,-0.5107104946509924,1.4693725060931166,0.6320349291692056,-1.099147255784363,-0.6997931557881905,1.294958081028533,-0.3499026868516733,1.3421719963114616,0.08173136856661446,-1.6807794207021913,-0.9369825228570036,-1.1514411992147622,-2.2478978857171117,407.6376558764274,0
23,-0.3245862696705395,1.827948174725901,-0.28149831606439574,0.9682143338748608,-1.754198308847231,-1.7584912315378105,0.3611351879928349,-0.13869719911547526,0.8206877427348188,0.8789995384882789,-0.2868304765465434,-0.7811603184131409,0.7633489299279244,-0.7278923014606241,1.734097843476388,-0.720953899293516,0.021586659444475163,-0.7054679309209871,-0.6555793040274199,0.3931367288935298,-0.6969645666377741,1.4457958166133704,-2.1970070184667145,0.9439674100400117,-0.4964759517046814,0.10228453164412996,2.017847026143657,-2.0921376343486227,425.94595530322863,0
24,-0.2959038106826894,0.9770619657819511,0.05532012430661671,-0.9706371153201002,-0.8295830880910301,-0.21215862558424584,0.9061303417907735,-0.6444601891754642,0.32673770969775046,1.377812004246698,0.5868639740596383,0.39589070821657785,1.4341429097637555,0.9934551579157428,-1.8703526634527377,-0.8412373612222234,-0.14060488237409832,-0.841050339802156,-2.7101538851812084,-1.326400780071191,-1.248253658005883,-0.28633437042527776,0.834661646664451,0.8386928510256421,1.5605227989711232,-0.7804277607012754,-0.1908985952117587,0.2723622797713226,838.9356136623222,0
25,-0.7192974973536811,0.010621159897551786,-0.4191242887495277,2.2101847557905745,-0.699572248297577,0.4421033497229198,-1.3524124169883447,2.0056091049626077,-0.5111112468955038,-0.6313295081539892,-0.4715250416172012,0.8009257348642992,-0.40715948388455775,-0.13059643653484396,0.9455859479300562,-2.107456459075614,-1.1591763106024615,0.8070646754974508,1.1974857164085582,-1.0038517824206339,1.1216690133627463,0.6305918597561976,-1.5738456603709052,1.1209009892726873,-1.73426566764956,-0.18381399846749488,0.3370648840021634,0.08475468843021815,100.63628844003958,0
26,0.4175263795555671,-1.5943913923122168,-0.2796625753398564,-1.5194696213729437,-1.254675772752982,0.15084034164846777,1.6774221604648496,-0.5397780112141367,-0.6920345315750476,0.6993545608939011,-1.4947650562710753,-0.7527237693470392,0.16003519048629178,1.632697036596658,0.6058614015031736,-0.40373681515087945,-0.7989305755660523,-0.9356829875388949,0.06558650602892314,-0.1610546856994948,-1.271113204906614,-0.8264741164679484,-0.36831494879336285,0.46827918434013205,1.0434162086414462,-1.4522368299847475,0.0532897203173108,-1.0585357245576903,686.5310685999593,0
27,-0.6865988877964322,0.3901911273344487,0.0965753448735556,1.3247071072279262,0.9164847890923651,0.5159014444254416,1.051780961415715,0.4920481328651066,1.2000001188496328,-0.7859863967255973,0.008758259779674798,-1.7936150768593868,-0.4505965602629676,-1.421996015662343,-1.2792123159559952,-0.3340271813190443,-0.037004036343669444,0.47993808258423676,-0.10418845061922011,-1.269160893561476,1.5788495321198106,1.2107041812003603,-0.9421673896638936,-0.6313104686887416,2.036414331492556,1.36590930335369,-1.027881701862751,0.7169977798716511,811.8012415271655,0
28,0.8014914964151738,0.8084411435026122,-0.04376320783429792,0.19823382076336526,-0.6114894025130341,-0.4797818318405908,2.2112513315313165,0.7694329353645568,-0.7368360564538687,-0.6978057379012431,-0.07530267378330265,0.45551706592802443,1.4237711114687455,-0.3633181428503647,1.2499574169186005,0.2562106381513539,0.20484849286331944,1.3680768929789298,-0.43783522117980617,-0.4451941988410179,0.23115560645235625,1.1682200389619517,1.5991547014520988,0.00535876047922743,0.6518349370628621,0.8216585069016051,0.25729096158631237,-0.9331065393395773,575.830758439512,0
29,0.31497105006011283,-1.0543185320813795,-1.3055136443803572,-0.7319224960973281,-0.3789384788974215,-1.0022506677826295,0.9167120419491465,0.14703895916336954,-2.4888647884360813,2.0294052876630992,-1.121535049313709,0.20667250582962912,-0.8126691374350437,1.2817974067810909,-0.10135328120692418,0.015796457888868846,0.13521194088246533,0.044898580101472865,-1.3778908635252989,0.5920191135233737,0.4659577275652433,0.5377979944824656,1.2034684302934664,-1.8341645094101178,-0.800187492695354,-0.22029916461943477,-0.7550168864097747,0.5411376748821163,336.64610342540914,0
30,0.28041005491426857,2.28493712405751,-0.5270578283332096,2.92911176310173,-0.7891692272925891,0.8345566045370764,1.3347837266158327,-1.402855402851059,1.6002341191265894,-1.2898362735183504,0.6314265010411444,0.10328650783497317,0.6303148775293419,-0.23098287163190045,1.364452847824977,-1.1370200650016666,0.5611055590020092,0.5324630266229616,1.6874710400013835,0.4682221515311655,0.9083307329962577,-0.7129483370171064,0.28757317309885977,-0.1717347782653822,0.5227596260473162,1.0923674295798182,-0.18827766359497394,1.1674787119739465,716.1697393926199,0
31,0.7439099091568858,-0.09436037202350515,2.3915149641509172,1.0808973474776158,1.095219353626391,0.1919778948396162,0.5421209635457374,-0.19172399837127513,0.34539661426257656,0.16119946466012985,-1.7964063991789914,-1.6091069414951213,0.9737947077974896,-1.5351690878038855,0.2102350584068689,-1.739237461270604,-0.04708460476513749,-1.20285632759376,1.5963646088471806,1.425698029038148,-0.51615989708484,-1.5238636479427796,-0.669919874962259,0.275921673433086,0.3721851089134385,-0.3795254037614915,0.653615463576201,-2.9247759449627595,246.10968860355598,0
32,2.090538943448344,-0.2836693299038205,-0.6640448678507249,0.5678542515901879,-0.5907624204841557,-0.49355098799358266,-0.009717251610531972,1.5282144317581559,1.719899431074735,-0.8054378540326523,0.598527785647516,1.0164726457503195,0.37107757159810123,-1.449869466199507,1.743156292281115,-1.4870540142250064,1.0508248955080202,0.29912357239849585,0.4020159499884507,1.040184641508864,0.8742425069649898,-0.2464302444858773,0.6042827140073682,0.7400128211063971,-0.9746346106644055,-0.2621301031690251,0.4275953374408282,0.4098947361360659,285.09251730835916,0
33,-0.6613286296854781,1.3612885151450893,-0.30396791390847705,1.379677613651255,-0.2061910220341395,0.11303601671987219,-2.3823168071070313,0.562888524155646,0.8241544221644397,-0.6962176241368639,0.8958110522775329,1.5558061863356756,-0.981792761111875,0.5193711723351143,-0.659285490964239,0.08557924703877778,-2.6924828183132474,3.421833013926182,1.7131805125235433,0.7987712385487516,-1.1773295081512682,-2.153445536650488,1.0959001214184,1.2891451239563423,-0.6132996830801821,-1.085351546096822,0.7019483602851677,0.44600644884595986,401.1237657299066,0
34,0.3286615016288003,-0.4233676432705336,-0.8206161937472749,2.8449786515134057,0.4107150579962793,0.13597795446050934,-0.8112143692663795,2.9225087866276107,0.10034867179854814,0.13737367846552762,0.7992513560988788,-0.730324445165271,1.191048189554365,-0.0713063456717529,1.5616348036301144,-0.6006310662933723,0.613657693398725,0.8299742554455567,0.6250177181058064,-1.1280533186152875,-0.019657895660555116,0.5200192942538286,-0.1752299783503636,0.7620669190623037,-1.7172459097105395,-0.6138825947413534,-0.34955156615161037,-0.43257256167548147,801.4090725026338,0
35,0.8922948317299665,-0.3625545166898275,0.40111704936007014,-1.932679852464071,-0.7728141678426792,0.258562762638726,0.03941482401712379,0.22106328103317782,-0.17044658267955828,1.2981120080687985,-2.225937159034761,-0.0014956894175701017,-0.31112647646201996,0.04150288627264246,0.5788350557085452,-0.037547951851032144,0.6465000466035752,0.07764336159702064,2.178515084865347,-1.5353518685550762,-0.13060576215066286,-1.2042763591573857,0.1055900538861654,0.5428085245528701,-1.132009672778685,1.1903906998691174,-1.4639985212536497,-1.276418288940859,182.3124320818783,0
36,0.9116854098806105,-0.2123097956954031,1.6960870287635466,-0.5651914422090849,0.432697819044157,-2.820666317172495,-1.2418682035883322,0.13363226408021875,0.857501651067877,-1.5649155320767234,-0.4962424550742084,0.08364929091946756,0.3898851946689378,-0.15415550738919495,0.5613181521477506,0.19058718358598314,-2.1390284441368124,-1.6261128368077613,0.06258655491187264,-1.0850290124069695,-0.16973974785872037,0.573903330097946,0.2420120544120267,0.43592220712176905,-0.4634353353494764,-0.5515431099733104,0.07108541175883225,0.1618009699706732,482.46086495059745,0
37,0.5351076535563807,-0.17515947109316274,-0.15893415826627522,0.22101148769465614,1.1249575318838396,0.7412750254500194,-1.730878513241145,2.411227923477604,1.5573641811490662,0.6661322344909898,0.9690639920361799,0.18092437310914747,1.019179583493899,1.4160643815320402,-1.4911703866276143,0.4427914364667055,-1.2489250930763325,-0.625228246298292,1.321868450717444,-0.05928064714208577,-0.8095301683137424,1.3569837609566213,1.101186034223446,-0.17105943931408402,1.2853052584693403,1.0879006456136158,-0.7749956333232056,-1.1302842253587355,411.93093106073877,0
38,1.0406338535802362,0.48753295896606685,-0.4589522499832894,-0.2088447049892297,0.13215296132165671,1.2331691616749565,1.6373917997819343,-0.28154063443810184,-1.825399877499924,-0.04754028106243633,1.0517593106110619,-1.3532853203968382,-0.952701950510685,1.3496847253593989,-0.7477977733671941,0.16060304955154464,2.288386507396828,-0.03737441410205143,-0.5988944304896218,-0.03168457371303171,0.3656742149310167,-0.19968377519496747,0.25791462088658457,-2.763537765329342,-1.1040001208457344,-0.7314658766507313,0.3226333785683508,-0.4857217626645808,895.9020030733925,0
39,-0.2507687624546053,0.5879284209325485,-1.3937156407646634,-0.7634303529256049,0.3969715412285711,-0.9538957777268942,0.7767021216159604,-0.35888201910179474,0.723167022405794,-2.086625143061637,-0.738982456509287,0.19740948649173995,-1.3609648527200389,-0.030223819008618143,0.03200375058006458,0.09681103860644659,0.902650132914041,0.45748795245049767,-0.48550178923806203,0.4339235803707059,-1.141503772484478,-0.15149745847083482,3.37997781093407,0.6091766547057885,2.0529063749246994,1.8163454142927598,-0.4888949692749632,1.0108900865973158,767.8433642495678,0
40,0.9736347170801086,-0.4504415717044804,2.7476304656013273,1.0471515080313276,-0.8150760330260983,-1.1483865262715516,-1.430248961312103,-0.12301180454667734,0.34538888380185834,1.0291177439119508,-0.7159076732500431,-1.5463955545506738,0.2521019675581396,-1.4917716349658412,1.5355032128196306,-0.012347786317643833,-0.6309164210093207,1.9610380655358388,0.1337176413472833,0.9261138920104887,-0.7488742295242444,-0.19628020831752027,0.9692010237511827,-1.2844929263640572,-1.1244443594971454,-0.6230816724811159,1.0285133632483947,-0.5345999886060924,360.05397433130724,0
41,0.15476593120441143,-0.869445309016462,-1.2606861511404943,-0.6321204948270034,-1.1205726923441035,0.11679942700241971,-0.08306929196625071,-0.3116264607852676,-0.29535924909892136,-0.9961021520853254,0.0658406427412126,0.4223340416966028,-1.2668227135407106,-1.36284624902039,0.4026425667800231,-2.5378634052055005,-1.0733583381083567,-1.5172321051061046,0.62692008420066,0.18482511175503097,1.5211916333715865,0.33899720588121496,0.14772610457878171,0.506160686561066,0.11496103255103383,-0.9400032773522453,-0.6725045128580044,0.3265851173158434,781.7951112120476,0
42,-3.4857425032873772,-0.023127978296992556,-0.10827727609337343,-1.6226212619884335,-1.9961120924203337,-0.3810504210852056,-0.43300484871054035,1.0617266791639042,0.20113341187148123,1.07047805558331,-0.10236473394977702,-0.14738154227779973,0.3502257071885445,1.1281807132095267,0.10075914548235938,2.246778553626652,-2.343943728475253,0.38589757235650163,-1.0141867781154539,-1.1324453292625518,0.4278867803121381,-1.0085267144614527,0.03729050040247157,-0.4516048867921729,2.016909691899291,1.0365028137415369,1.1112666217090121,-1.6683785065845123,327.532742262487,0
43,0.9779843845473727,-1.9329136449270743,0.3954495769256397,-1.6893664801575572,1.2860889287715431,-1.0859037476409443,0.2254522958847163,1.0492916062551814,0.6940072084637997,-0.1276590236500903,0.017166745578230565,0.3468845202576161,-0.5533129646586601,0.999830210620236,-0.4664620588927649,0.9368771304309352,0.23480531661156231,1.4507402512574172,1.908790550310104,0.7437069357824578,0.30242438755315737,0.2798173516097993,-0.872816201215269,0.8748771977983271,-0.8988129353718886,1.1684579176488767,0.31381239585548654,1.3270336853022653,393.3180858852715,0
44,0.5682546826701489,-0.9092778589173971,-0.11511692630746652,-1.4322232294452797,-2.038381215916277,-0.22946560425288803,0.24091794881304054,-0.37714653088486205,0.7463534916706404,-1.2068828709930752,0.7931361262799148,-0.7732470346795037,-0.8860365511661599,1.5156529041562508,-1.0152860622780127,-1.6718009702563463,0.7418285241089658,-1.9982924486968427,1.7296097432433548,1.3017384503763934,-0.11696929348833641,-0.29689896940198957,-1.0179543952297836,0.8030287084532343,0.21610165144117802,-1.511172016736674,2.072135646537555,-0.7192729244033262,317.28050978850285,0
45,-0.004862710704724957,0.048898608775911304,-1.3453075302308846,0.6739256492182832,-1.4760515025570293,-0.572134035939575,-1.241597028352303,-0.01923374821694108,1.9170613693498837,-0.5926537472128018,-0.8916444775787604,-0.48281413129471795,-0.33856833402536113,-1.1519926407374441,0.5963868237738694,-1.044581526275299,0.25783725613823516,0.9427670579738794,0.9275148910620032,0.2798415706867537,0.12901583948284331,0.24332339716767315,0.6939886828505226,1.368672864227406,-0.7277173190131033,-2.442890476519972,-1.107702720637631,-0.7632390397981459,944.8956072283935,0
46,1.1137382089212051,-0.6748769578522434,0.5523468132362712,0.013023175918568249,-0.3173596960027982,-0.5289149672135749,-0.6819483775310821,1.8555667169460612,0.6369069022996862,-1.1032448803596424,0.4221597685407513,1.430030831699502,-0.984810075285581,-0.07638970252591397,-1.0000080325307532,2.1550213798580145,-0.1943054180063166,1.0124164447105852,-0.704090696797673,0.2926298995887017,1.302921388505571,-0.6772883921289441,1.1034047839985754,0.41909376234314283,0.8967344806764183,1.4101295060744654,0.6833858982197728,-1.4456817307575383,473.1054500164699,0
47,1.0398915220151095,1.867976338863691,0.03372244904220775,0.35117851763023755,-0.21125393666878062,-0.1754687777610933,1.6291959814379469,0.6115554809172784,-0.6370009301342704,1.832526604625545,0.23577780151202288,0.6166868900044089,1.1253476252380081,0.3590014467307916,0.7711497612229985,0.3292851189392668,0.19135736390588876,-0.5587988582965255,0.7924911899399204,2.2454885260699053,1.1296894038354253,-0.37983081234687344,0.42540097608218364,-0.42902023773397335,-0.4163109746809088,-0.03816815646545458,-1.50780930152685,0.7993171448545292,92.54833028255504,0
48,-0.3674637887041507,0.44802033779242134,-0.03984576906232299,-0.7983633925765076,-0.09875460444634634,-0.5457206681962481,-0.1255781411837729,0.9387800482693073,0.7986991307952177,0.5521750043608047,-1.2195446931551355,-0.029987312922444477,0.13172438084497454,-0.21579634271113596,-0.8440139314279158,-1.8786746219946329,-1.4171604561530387,0.5108965892126984,0.0437144910772129,-0.22700378463004986,-1.162468468705959,1.0025477274194552,-0.728834041603215,0.4008436509703597,0.5963003076372667,1.1029202714016866,0.2763579004778691,-1.1331907507987802,657.2889683999313,0
49,0.7635995193561537,-0.8413043814591092,0.9040362339193595,-0.3580035360399806,-0.5091054319257355,-3.2334748753446316,0.772885977999418,-1.2101199429911402,0.9101661612215717,-1.7427512000832064,1.120783736701443,-1.8149408336630963,-0.7008593037131073,-0.24235482369560868,0.14453846407424764,-1.0237508193558182,-2.0697631515662627,1.6630265966266822,-0.615660457080347,-0.6211610750074062,0.06727501638210091,1.6086146226414197,-0.8675481905772473,0.9732044216752669,0.46618880776525323,0.1969824318482817,-1.6358166103067981,2.6536428008535258,757.0283130631204,0
50,-0.9105659080364431,0.6792458680036958,0.01000761112582712,-0.3956040473763418,0.9674064336834239,-1.782786013804567,-0.7831879878344534,0.6497015262947529,-1.7748100064383565,0.4244685988689508,3.2758835856219544,0.32559071014341234,0.7374547648941816,-1.1491484821953668,-1.3237634535287393,0.6069208827525927,-1.1118599269553213,0.9418318477869355,1.1973478580238015,0.7928637383622327,-0.29374052337587686,0.42906950807206873,-0.05518302376717678,0.24174361857862806,-1.0019348239605919,0.3038191714280128,-0.9090051537635774,-1.0840283764208227,436.1363205911647,0
51,-1.0802111320019434,-0.8405239070835508,1.3327221376077911,-0.1266554298069343,0.3042544927732598,-1.2969705580446895,0.5034051413700275,1.698276032038066,0.21224457445243128,-1.5143440746671117,-0.42848303489857736,0.3394948011313397,0.887375575910167,1.5474201509553405,2.0413145574244047,-0.4550624438924955,-1.5081304628686045,0.12951903836581097,0.3994045040680001,1.1320890881419714,0.8702108143500413,0.6337829507877915,-1.0034368893610615,1.1855200749047297,2.6631362436380708,0.22369874565719822,0.844116147510973,-0.22203764669336196,20.21578970616411,0
52,0.02680760374839245,0.9230986504143112,-1.1392809903037668,-0.9784594193537408,0.9060564320754824,0.9994479050702526,-1.2657817660920017,-0.8446547275186878,0.0516882974637661,-1.4349539494423957,1.9577916798024042,3.152969733361551,-1.1394025642056789,-1.5113067289845434,-0.789809819132959,-0.4293154886356941,-0.559435513060928,-0.7478666731809779,-0.5738161044707114,0.2531190496594306,0.34073228669638195,0.21396131094662993,-0.35440475268377936,2.1435802961981305,1.6178224365876943,0.6789983671184178,-0.563697075019704,-1.4909577419225948,812.1112065793747,0
53,0.9050225534484594,1.3454894259388817,-0.14828415536503373,-0.761883707229742,0.4405420365351592,-1.8349013466158492,-0.536377021117371,0.5203242215797506,0.351728569636841,-1.239059988897335,0.8272226436430917,0.9595192152039906,0.9006527661841411,0.051826247508440365,-2.8071851612079266,-0.23305783354068862,0.32661876768912756,0.26875875630161744,0.4857088546512657,-1.2991516297113295,0.09305455483518564,-2.406827992193929,0.4732552404299658,0.22393130695090308,-0.5543784239807229,0.34916934479417683,-0.27457237100725235,0.08377349523373954,974.9492197649324,0
54,-0.6753482440200932,-0.9330213039540362,0.7055265708114928,-0.4757546646164191,-0.24332229278226641,-1.7303513607235166,-1.2047033484944685,-0.29648960405150576,-1.0204612458583942,1.1377847251282722,1.4162716929173267,-0.17357354796776778,1.3887377958669334,0.8328060101028656,-0.8284356022082839,0.5624232452817244,0.5633129265889707,-0.08208279172058686,-0.8444995240675175,1.1865588803549432,-0.6301270218611897,-1.1440757495022262,-0.7464953595208884,0.7793730631810326,0.27539564463067556,-0.6208173398386486,-1.2919943704786396,0.6550095644397917,345.697008110222,0
55,-1.6299328958607404,0.16594533807692471,1.5050528899853364,1.7863879132981517,1.0696445962009489,0.9409386529181665,-0.11731367270671957,1.0692951322342799,1.534164690102696,0.06494941705604687,1.4958132070828922,-2.114691009659565,0.06198265064281771,1.1268438779841716,-1.5435669247722767,-0.5598010795573141,2.3514019387393996,-1.371017133000652,0.1441452622944922,-0.5278614308491009,-0.6407890954224629,1.0177848116647301,0.7634405075626921,-0.6511215265041371,0.16644384870013418,1.6332448871963123,0.38036122235618447,0.5581466849557242,720.4771313576337,0
56,-1.139176397664088,-0.9670437454815277,0.1264202827604809,-0.9014849540547507,1.100387873786544,0.37601414542625705,0.00340711246078302,0.3380300099401779,1.429904067330158,1.3553506459092075,-1.528632038742335,0.9411344271430065,-1.3866690339218943,0.9222744469918752,0.8972107228734912,-0.8511944514970109,2.1650933218484405,-1.1955151758676956,1.1684000290647598,1.080577598153156,-1.8007499769338267,-0.4994221889585237,0.09204287044313565,0.5492533612328345,0.5651935637302008,-0.5983706159109935,1.0727153978559822,-0.5519763197716056,686.7394696221482,0
57,0.7969677091446467,-0.039313148820469865,-0.024272746119640094,0.7729363357712288,-0.797186992326484,-1.4954594494872444,-0.8372868775864056,0.12966990368019596,-0.07173955408462476,-0.013818843055689933,1.031200909869057,0.17171390536934872,-0.2063780796664847,-0.29238721117724137,0.8527660613129961,0.008472212321218734,1.8140083716844286,1.5059717962943715,-0.3000435146124935,-0.11154034639317724,0.9971502856452541,0.011128584514616804,-0.7155521017494546,-1.0434056070171522,-0.8466170668876388,-0.7910831972521103,1.6316764197696734,0.754965674628744,122.49607271978857,0
58,-1.3288253673192325,0.38250855202175976,-0.3020889917501407,-0.47899728819924015,-0.877288246474361,-1.1660627926902587,-1.1839777556332458,-0.10008930794648803,2.784140197006755,-0.5877006228332811,-0.4920181293861556,0.5813426474419093,-0.974646481503071,-0.3559397818157678,-0.06859103520234557,-0.9910013306919389,-0.6997510650036526,-0.6897796313695046,0.2774613598103137,0.050427025328879355,-0.3525172984726513,-1.567474253642421,1.9758752469052694,-0.20826469361400526,1.1549241733386302,-0.5992143633332441,0.025366757099814227,0.3432371413777226,462.6160431072931,0
59,-0.01599619001221027,-2.14138284194712,-0.5498046595487031,-0.6484894467936246,1.021788125447988,-1.2737508041505816,0.8115787113494092,1.4899218717550662,0.12700141639990012,-0.7735986934955024,1.6574408452024896,0.006775346350881316,-2.4806457262753936,0.8103168063874651,1.1209546113123918,0.6602812469136505,0.2711811344838804,-0.7980098520897599,0.28567021489713873,-0.38227559504839076,0.49219823409374286,-0.8532866281243526,0.3328609712297235,-0.25544661453396567,-0.8296575369162469,1.1876176930955689,0.2662718805863536,-1.4942792459135759,474.0929382250316,0
60,0.461858261712659,-0.52277878543238,0.6394817832343228,1.4512650941815102,0.005445113653236096,1.032506799686585,0.7286990247137449,0.05198741371814653,0.8781987699103744,0.17367116623474144,0.7285885427027492,0.08012817169815972,-0.29413215156076594,-0.9608784177529759,-0.3679893025859982,0.3901419453927063,0.5463383242913558,1.627724864850738,1.3121251165003371,1.0904707765564896,-0.8080138101272578,0.5101154061355226,-0.3282953875575977,0.1923968308096822,1.0752292312282594,-0.05793301589728678,0.2215277648970515,-1.80720101814986,99.37785669014232,0
61,1.5702624077229521,2.563826783540688,0.7642798622581038,0.7179073406425318,-1.0227312401727917,-1.3764070696820758,0.3795227290674218,1.2552250248775914,1.3197974522441895,-0.38078005925054165,0.21747371545631117,-1.4938357479767947,-1.4391105954834318,0.5009591696979651,-0.18472300768421968,-0.21566593222426095,0.17956766126285215,0.6371836694881758,0.7579292112609164,-1.4389013823550367,1.5136410209490125,0.6656953461235737,-0.30760430237007974,0.4895324626266082,0.44345456592799976,0.557612827302897,0.3474863155931962,0.020444494791769314,867.1887958093022,0
62,0.24593527572902,-0.8523483961110833,-0.9668108925891775,-0.4354739538756616,-0.4948830255259604,0.819131553570441,1.681480397085269,0.5965834235803247,0.566164378065836,-0.25427030688454055,1.0934511949405152,0.42472112932163175,1.9452431161436505,2.144582259912313,1.690659669047492,-1.3391169836869583,0.9629793658418513,0.637047382930869,-1.1508865044204986,0.40774477913060475,2.687199221762884,-0.04429609623509852,1.2874420279196512,0.1362891645459523,0.5028007893872263,0.8069192727964584,-0.5571959105604506,-0.4397086851537917,278.5327666033621,0
63,1.5893143735304935,-0.039237224971582614,-0.5436578109893547,0.15453692729567978,2.4976686390313114,1.1678267535218014,0.3969142863111819,-0.5029513339857613,-0.17712939448310167,1.8608046878490903,-0.5627729819498817,-0.049059168893063006,0.3265983039659326,-0.5882609439518407,0.29421972448085626,-0.34448132395528575,-0.37831397830678043,0.9105112963794371,-0.9743060737609791,-0.6571417028106187,-0.9751507003347915,-1.084953348134885,0.9497878601676054,-1.6756146929306275,-0.24656420679578267,0.00910713628607126,2.0894556218030176,-0.6242643238616047,148.82026657030266,0
64,0.023714745280634116,0.631046101385061,1.6595223864312625,1.0383279924813578,0.7219067116506911,0.16567188884540768,-2.4257021636350005,-0.6349129047563339,-0.5755992565053216,0.703430000818,-0.3993544659040357,-1.349402155046981,0.6761095958538318,-0.03173210678803906,-0.362212881902871,0.0773946145449574,-0.5586054177707215,0.682130393313644,0.31325191634502897,0.6716694990873279,-1.0262278788823946,-1.4549339749202337,-0.22165893577505819,-0.40654674722664125,-0.23774010640383889,-0.7340191832286102,1.3176906562568493,0.14851240913386354,586.9490279013363,0
65,1.6142421041330908,-0.603727282306686,-0.1618814380571339,-0.20267265095383535,-0.7262768510333232,-1.1203997106210952,1.3783605583438248,1.6109856048034357,0.7382120188009923,1.9849904602959363,-0.2840475332548847,-0.9872115013664834,-0.08460290749066264,0.222969514928499,-0.9177861837158998,0.3393599985902346,0.47978981246529395,0.01638353683892045,-0.5786728274699903,0.599986238943084,-0.38181411519066916,0.19257224753731428,0.9144441975472686,1.4624986196458574,1.39361288404475,-0.09000612007900795,-0.1482651350669463,0.09211482455848258,263.8187999110242,0
66,1.0619894958789806,-1.278942460750525,-0.44107783459037125,0.49713012716880084,-1.3079536262513864,-0.65580281963654,-0.3490861829428751,-2.070398567763282,0.4469053438231052,1.2617862777355713,1.1601236016536516,0.35295764122845763,2.55496938759456,-1.1894941909684436,-1.323075788253779,-0.15510392911226387,1.6455266025769504,-0.36753380666998775,-0.13153516975638524,-0.2793575721773132,-0.6220598818359981,0.38612092296611505,-0.13282885514228485,-0.7581034362455551,0.05420017834103549,-0.21115075020683874,-1.1950266780909753,1.573298385855502,719.4427921162785,0
67,-0.7066010484198337,0.9341535415689748,-0.5164638667471604,0.4371478092977408,0.5622054336225346,-1.6806572366042263,-1.2085656205699982,-0.34819568028217074,-1.0311621450277522,-0.9826938893008786,0.1143412805791179,1.05372627180602,1.1222770351168194,0.8169198931692296,-0.048126641354533393,-2.2031191875115455,-0.9686191343995546,-0.04762330842566691,1.6742090650495671,-0.4039897612952806,1.414789461962626,-0.49565261732051036,-0.5724697574447697,0.7845546331758642,0.6436981143178241,1.078330444938654,-1.2265649758534607,0.3430711793742137,657.8778389048578,0
68,0.6976247326518837,-0.6600870406367111,0.820996424752183,-1.545872211493678,-0.051772249472297145,0.9157061279775771,-0.977448770802043,0.43720372465375346,1.532116282895263,-2.2704567382729706,0.549726307204537,-0.0860090099877725,0.0718468276628132,0.2577138212626184,0.012453582066420742,-1.3778160031573699,-0.11835369490558792,-1.0917282240889379,-0.05999906648697838,-1.59783027860167,-0.5488626118081732,0.19015183251218168,0.268173455133421,-0.6357525541828859,-0.3888175060331071,-1.5283799070673267,-1.5287464973732399,1.415135940139505,601.7365510011881,0
69,-0.1814582709236823,0.7371001883565669,-1.1493488041104254,-0.07157171682992351,-0.6723727444460639,1.0988145130639853,-0.290472554501189,-2.826725683325285,1.9761195643088596,-0.47754792669463947,0.6756441740847553,-1.0438765233075484,0.988378888461382,-1.189230174460561,-0.30075509151819113,-1.843651954848581,0.7024619068386255,-1.030586206465726,-0.32524340836904336,-0.03858672831122571,-0.5181166567407898,1.5710846868703159,-0.4638656944289886,-0.4438227498257239,0.39662953674168616,1.6676088187534732,0.11625647210281212,-0.6131704109387888,466.7139908063628,0
70,-0.8304406774964568,-1.0980179743625915,-2.1950791023887968,0.7188965196029363,0.606370630919782,0.32127568064777823,0.4401293875441995,-1.1812677964493004,0.20168805328055858,0.3289460569655492,0.5102826674865377,-0.11000070031061762,-0.9944499727333423,0.9427645175472783,-0.4754035241800105,0.3239998648417025,1.5522895424518794,-0.07643538624725323,1.0351350314159926,-0.5426931301795656,1.1418541779955445,0.6090725004728298,0.16178786347102309,-0.44075817974375964,-0.8691083613328769,0.42826263241606766,0.11812163600051877,-0.16093350037921178,291.39828568867046,0
71,-1.5479228985245186,-0.009647869380934072,0.7549819660007078,0.4935964128137531,-0.27777506680930447,-0.9594683629375528,0.4734325258819551,-0.9128197822205647,-0.3711758602199654,-0.5394029704340646,-0.2784857813814944,-0.1007347891586484,-0.26708100932541495,-0.018783592071219195,0.749055933357447,1.3408755405510056,0.38163012414402886,-1.5418186877300495,-0.97204353405337,0.3823135865034852,1.0972396825764454,0.6128994972951703,1.2198967806805014,0.8373430493748059,-0.37830458589280586,-0.06694907348490682,-2.9161528978496345,0.6320664815714873,403.67223689142304,0
72,2.540945805095934,-0.956118682671695,0.9338165628595783,0.9653278279143649,0.748136636587429,-0.9651332025572834,-0.9684009606093975,0.2809162123865179,-0.7828421130748292,-0.5783909233344077,-0.6882704778360306,0.13648779747910542,-1.1257504202567545,0.1782220576628967,1.329906824899495,0.3487282323748277,1.2908217721911661,1.5532316909612536,-0.28920985236963154,-0.41764365935072884,0.494360374830432,-2.0028369702353386,-0.49497515085402577,-0.22496961171533877,1.264423155765982,0.46939856168730065,-0.11961402890359743,1.3266329958189984,77.20648560708621,0
73,-0.03406462754147596,0.31187798654311927,1.6403171780546189,-1.1365717198120207,0.05116079826363824,0.3891779660009977,0.1824733143698138,-1.862191831455432,-0.9552096863273601,0.6741195293443083,-0.26413786615703816,0.6139766636504113,-0.8424823738029094,0.3139740894410623,0.4885002973285596,-0.17653452579787474,-0.9623564871586842,-2.359791582540185,0.12815411861870638,-0.6542170830467398,-0.03509550488179772,-0.030455711697689552,-0.27709146057833606,1.6308392438952801,0.5730130236803366,0.3908970402577107,-0.21402457680629475,1.5715788055628506,643.5035866679508,0
74,1.820176117710212,-0.033195372736094714,-0.21824516060832402,1.687056889587215,-1.5327609762090264,0.8924643428823618,1.2642041469644727,-0.633277109684765,0.4880884574511265,0.8423470005231865,-1.1132372245513005,-0.2987108135730877,0.11058720285866597,1.4252787583189506,-2.100239336113327,0.9237591288258586,1.0429202700565954,-0.022079932961755967,2.1337173992464367,-1.055474639837495,-0.9489591459937655,-0.48291284908452536,-1.505171967802377,0.1351663825203441,-1.7386916511039858,3.2386822230068404,-0.48748187859418346,0.21718845246292826,595.3451261399327,0
75,1.1045816609474242,-0.18978243753953564,-0.2830512717511543,-0.7042071398454925,-1.3580438900197283,0.8816393078450829,0.27557244062580616,0.9798803982656245,0.5631311614910366,-1.2596082712510814,-1.2621770390944869,0.34205489535451933,-0.21310986243318433,0.5216613424312523,-0.579954537970364,-0.45843544883037857,-0.7104513723417297,0.09416936855228769,0.4382818766140273,-0.20956686816391296,0.1895848398086968,0.5118446696012836,-0.42066596753013596,-0.5199414059336506,-1.0956073419975272,-0.17252812162125225,-0.6401287694023761,-2.0494247468836027,646.0559522940015,0
76,0.18884604055924603,-0.33908354329125934,-0.8231066879301304,-1.6083561707532164,-0.502062575280767,1.359051631420813,1.433945994532061,-1.3512213598987328,1.1843456568111268,1.0767146725246417,0.3142006416176098,0.1738350880325775,-0.899974844006797,-0.5813068597964992,-0.23982669844822047,1.3882809305261823,-1.0247494201931033,-0.7633442063300192,0.580637788625878,0.5894721326132534,0.4899432437342734,0.12258644460464958,-0.12071367616730479,-0.6629436585862405,0.05945642669810197,-1.0928241160428152,0.8261141327904598,1.1097219975000685,757.6926561434578,0
77,-0.8877731996003606,0.8490965076400373,-0.7997164235263304,1.4553435292952464,0.29494078869945156,0.7015668061222005,-0.2151153615068316,-0.536517927747348,-0.4953788650828602,0.6567563668640073,0.315149480241987,-0.06338786715785732,0.38661175893595884,2.113849739752426,0.021182965294971448,-0.8812907534142542,-0.5267932464346974,0.8124275460307627,0.234038585818976,-0.992952657292942,-0.8503755057800758,0.3444465283867944,-0.08589100073344766,2.400606227097634,0.353338883147567,0.3268352644131729,-1.8275926531850466,-0.5773201332226733,32.6162404926984,0
78,-0.5338550702800585,0.12921102134769175,0.7474265952497188,1.545321761286324,1.0573180209952282,0.19076176475542317,0.7583743973629216,-0.16604979415082205,0.7848432481196232,0.9597376847844331,-0.5594483222929604,0.4790703916033469,-0.7573174323747344,0.7094745966804535,0.5016287186039129,-0.5093485097941426,0.35778316239608415,1.1495507319708511,0.7793805642252915,2.0884022368946975,0.25151479292067136,-1.9076629741222042,-0.056810869031725456,-1.0902596671871387,0.5471827789317473,-1.8449047146746405,0.5968513519805974,-1.6939378809405776,162.20140100646108,0
79,-1.2509776648286575,0.5996430955325663,-0.2749329248202545,-1.7232630795248505,0.012749759916645372,-0.724240701492248,-0.209613552321242,1.4904003035161848,-0.8273763872527642,-0.20713921976462815,-1.8768153568912243,-1.2791183358034464,0.1940229586609054,-1.3919909637269678,0.05844152893736763,0.20782991644703194,-1.3781825527958407,-1.2945499214080185,0.12808250827168333,0.20099318600091207,-1.425099506171067,-0.7146821951180838,1.8517746322457562,0.8697207815724312,0.17695506357168253,-0.2091542116516403,-0.25202363201327904,-0.2556562358233611,293.688787487718,0
80,0.3321980353247635,0.5340151012540653,-0.5850314174990842,-0.9121443830643671,-1.0820049233715294,-0.35087609605649506,-0.27880902642106004,-0.7216040655718429,-0.933195958851701,-0.7612486714513974,1.18527298303657,0.09998285976175518,0.8106582104411149,0.6581086356858196,0.15729623954959382,-0.7173332795129185,0.029078448582371956,-0.3451768266178086,-0.7958662005226063,0.8583013122320973,-2.0791114429186695,-1.3785823749276886,-1.3142010263750288,-0.35612645062262643,-1.2102257690282747,-1.0118198303235686,0.7494602301990916,0.42343774499147757,937.4199628496589,0
81,2.3136378326086002,-1.1958215048485066,-1.1277312520262954,0.3641718887520346,0.31540653309115535,-0.24675558665745786,-1.8145359738579545,0.28737916065479546,-0.6481542723010859,-0.05109991782590784,1.2242730129465833,0.36929165608512815,0.2788182161649799,1.257492182459148,0.2679917564559211,-1.0358575423662917,-1.289892867341886,0.2973600154391864,0.07470574300911917,1.9400881732512818,0.06524335751888229,-0.19847094322379943,-0.4499145305064198,0.05650526043689996,1.2497487597866295,0.36609299714445814,0.14117141238307213,1.373722551690446,544.9014097682069,0
82,1.8529520227911982,0.4088131276082848,-0.8963967358172937,0.6797729088770539,0.30595475781539994,0.2849940431144233,0.32716940278489803,1.5725988235409325,2.201299267960167,0.8857706213123278,0.7441244844909685,-0.4377896816977003,0.315642844007331,-1.3113299628720811,0.9810027186914166,-1.4456486321095119,-1.7591333587249864,-0.07897943241174221,-0.8246228265673917,1.0719116086701506,-0.5341888220209096,2.4245962938901617,-1.0075833455053578,0.1804359124488723,-0.3304394332091522,-1.416212459960296,3.0805645277191562,0.14055524618257015,787.5729466250264,0
83,-0.27609956152380055,-0.26791256172653194,-0.9289102271790013,-0.15177096189983827,-0.8121307899716861,2.128153261407257,-1.1239617765723446,1.2468018322481438,-0.5713428373976667,-0.6386054535481056,-0.9229946961520898,-2.6750345497566372,-1.390570121045105,0.3399936227948009,-0.07991633502683022,-0.4840914287903497,-0.37516004893507787,1.249811995730568,0.549945631356388,-0.7286001509268083,-0.20926520744220864,0.8415509202077035,0.2254786553135738,0.7576613133950225,-0.4050676405910757,0.09811813906668865,0.49180915219381593,0.20392120620372242,754.7527058494836,0
84,-0.02371877184696807,-0.6654671917456787,-0.7117618091793564,1.5559139584390467,0.4263600560833363,-2.271354548199942,1.472252314397442,-0.5647773193179766,0.7505480072552639,-0.10530321255020485,-0.49632817838480103,1.7081785544314312,-0.031387765910457624,1.2527187199889354,-0.26643566447193534,-0.0223970097340153,0.1836930960184938,-0.8763298024690671,1.1607068463256651,-0.10081053721818772,0.3016959397579689,-1.8081845365707576,-0.5525983963452521,-0.6845791179083051,-0.6454614388264875,0.6640977610200935,-0.36883168195014077,1.1284045969930758,628.1273001070203,0
85,0.21719981583010775,-0.15643536212287093,0.2182010384070028,0.3657436332224404,0.04918464923003261,0.2743378189146012,1.4928933951205647,0.7152111348494941,-0.8405722406465881,-0.08811389959466492,1.1500552172324459,1.677944593630396,-0.5200137572036254,-1.3790048320884083,-0.8603711203140625,-2.5825914215226984,-1.8524602098652359,0.8472113846417858,-1.2574710413477082,-0.7175212119791681,-0.27148772487119943,0.49321054729463476,-2.3346566417005876,-0.4050143462754579,0.05464101767161685,-0.3393171319569592,-0.6800411572830934,0.2051434786726415,427.50363115117386,0
86,-1.1517124507079637,-0.0627390823953757,0.42313984544814015,0.7002476896168012,-1.7044759656793826,-2.8543155942898166,-0.11643101559248556,0.7521681637072443,-0.22880582012691114,1.283314934459171,1.360783664095428,0.7335530055144693,0.9858296014547004,1.4167331268551702,-1.5096033997827332,-1.054342154922177,1.5477335668053485,0.8978044985492634,-1.3809726617889313,1.9964102251672373,-0.8301536770825532,-1.2580947566696037,-2.3095484357941554,1.0921118820602767,-0.7160013711488987,0.1683431131309611,-0.28147772401399856,0.641836161460737,626.3813374613347,0
87,0.3623720339230611,1.5436804742672234,0.45888645014534296,-1.5357973359753103,0.3191150383745077,-1.2025913337717165,-0.47843975938234623,-1.1186936839133594,0.7230312401936135,-0.9779713681985055,1.2091525200583477,0.214128998901534,0.6208442228322594,0.07512929579048566,-0.590019694491857,0.06398526873068915,-1.3556756810547492,-1.8941676570950898,-0.39289887830505577,-1.4602731644890048,-0.3157788420736204,-1.1035204066099888,2.1136563289144914,-2.1068949930168803,-1.4115793834774348,-0.13141805868894432,-0.8488674500915142,2.5108093229096697,617.6342700026921,0
88,-0.1656149570044467,1.6268399604338641,-0.7270048774687919,-1.2677113583224369,-0.07094938425924456,2.465673941398127,0.10761084769686555,-2.2149644501097425,-0.3638393164462551,-0.4009971670556899,0.8925495956869144,-1.0097248929781864,1.6368316613600882,-0.5387365074428638,-0.40161073779877676,1.0243698754526482,-0.7216123204797738,0.8161972385439945,-0.004605043100616329,-0.23764335074044896,0.7493187806761243,-0.4574260092348933,-1.2623654539970135,-1.004837235342367,-0.5854275820328322,0.19660594452882937,1.3881514594138886,-1.9624020410516154,590.0168518339079,0
89,-0.4174919313957982,0.33279749108515044,-1.1027984752236337,-0.5033840112383258,-0.9174879954917223,-0.7788077566243427,0.85421139566007,-1.3358357210778928,-0.1615951437608548,-0.6313903500610801,0.08273233272165373,1.476071867168359,1.0122551140565774,0.5967369918308363,0.7158374277238307,-0.13238683487729636,-0.5032344059662656,-0.004825611718368749,-0.3981733603341278,-1.3365576253569325,-1.4509500182625545,-1.1260801366948119,0.054951734539805126,0.122435886471191,0.8085402014979447,0.5314973730653804,-0.3728926204455668,1.0600426197385098,34.67811701025192,0
90,-0.49138100640740767,0.9560888672946113,-0.7465015190962696,0.4300223833664999,0.9966022321753539,0.4937361243701268,-0.43833245404612786,0.23898327804985808,0.6730371066187602,1.6863982725342217,-0.7461697982578908,2.2393615895505556,1.3054123632472139,3.1064521402459966,0.8614525947053254,0.4664403715965768,-0.36492747431217254,1.410724187326378,-1.553714571493171,-0.8254503871844902,0.2774580473419116,0.11578834669481618,1.05180723153159,1.6579506008426488,0.7252894075485546,-0.5557606545230118,-0.8895746457199508,0.8557501357534318,63.198677471945075,0
91,0.35025560049329657,0.06989431649048664,0.87458063807861,1.5402416565177734,1.6851004888721421,0.337836509741057,-0.6084446056786936,-0.8389872477263093,0.800644403355133,-2.881680619067567,-0.36057126491027086,-0.8973256022083181,0.4922988337547788,0.5843000013528498,1.3680187066467426,0.15176377435232796,1.2857490992945204,-0.49818192275841217,0.5982529294105995,-0.9818299311165007,-0.5230305405920971,-0.6704064901007296,-0.4315074562842275,2.720738026597022,0.08038209308595218,-0.6924547543152173,-1.3491521066633145,-0.959307110789298,885.3417218224184,0
92,-1.1136801633233084,1.2127786468503805,-2.003581590386917,-0.15223602921313012,-0.34833671916646736,-1.9022328051097483,0.5313063258605277,0.651184004854209,-1.1728306570290832,-1.1945435130565853,0.677334988640679,0.8717922938849112,-0.4171649592555254,0.06549561573347369,0.8422675219877838,0.2872881936255067,-0.14500225787044044,0.5383679886015286,1.3459484312010768,0.11374846598978353,-1.4975733249876435,-0.6914654981976609,-2.0007850485804997,0.3275905498183775,1.0796160270577873,-1.4978359741700251,-1.4777738908946112,-1.1636919661942597,942.2171877272591,0
93,-0.39671354903942807,-0.2253222542803325,-2.2467438544346763,0.4322148866279722,0.5018036968453804,-1.3375746544440208,0.12494623589106077,0.3797626043918727,-1.0708078026073973,-0.6098773048759913,-2.083272911688143,0.860273396297033,0.2741471865299004,-0.9802397681795927,1.1905933012390213,-1.8840709867886243,1.1640783645448467,0.23478879111059078,1.0635649987654037,-0.33062286017364323,1.2920060502955508,-0.4076270011538828,-2.3541792248955393,-0.8269086419580003,0.036407684786854126,-0.08748801821794273,-0.18853091688654577,0.22194154890924417,920.02852231781,0
94,0.4508595270274438,0.39234064040996636,0.8656075369008862,-1.6760029954498175,-0.95070764793199,0.08116455382771058,-1.0574272695181757,-1.511318772954932,-2.487561909660683,-0.8346007192266364,-0.35716158960721306,-0.816383920821288,-0.287035475861978,-0.45464555663003003,-1.6566580180675554,-1.172413232767983,-0.8741963050055626,0.25165302457673033,-0.311201105664642,-1.0833421429999768,2.491216985362496,-1.0572001345493316,-0.0611134703350242,1.0095130816527431,-0.1332530303718561,0.7864028878145359,-0.7637737330104778,-0.6209901219174532,717.9449281982006,0
95,0.2691186589172771,0.4810019254491746,1.3299252702693536,1.0032154922512355,0.4359015070948723,0.4588648522616203,0.6359073760644148,0.27466323767267103,-0.9327367425351416,-1.2479553062223865,0.5618094235318716,-1.8414886236481636,-2.1594535215729915,-0.25003076666999663,-1.0385711768585366,-0.18166339225249875,0.42157268560629646,-0.07984281586226283,1.2946604211402755,-0.004087609701170046,-0.8600095076139298,0.07427236866406611,0.23723103464427406,0.23684500953692517,-1.3186372791922156,0.24234578308352184,-0.21612810137741092,-0.6112681021616586,43.39138551840915,0
96,-0.8202010759840958,-0.25858171806176866,-0.000622640227883262,0.3223037356705537,-0.2380917139784748,0.6220611295997898,2.5906909859748164,-0.688668008927185,-1.1292472733597783,-0.610348309823327,1.216276459202089,0.36190831715357136,1.696391804339973,-0.6985435282999737,0.010902302692109279,-1.7783042289628157,-0.20605709528116722,0.6131901351058825,-2.6272359250819206,0.6107155014621884,-1.4321831050686795,0.3088970850284701,-0.7636431592610307,0.5015951922674061,0.7201554066364081,1.2217166294302144,0.4494662871495923,1.0437497100507782,511.65253086039985,0
97,2.4449372500747666,-1.2199671935393301,0.3369007613352461,0.27248079415157384,-0.22716422857315488,0.7995360699027211,-1.2233678776074188,-1.0218923338603743,0.3330419353172474,1.7045828484365977,-1.5933285838439781,1.1860318003679418,0.8566889516345729,1.4672815958789478,0.5228603772358643,0.3698128702690816,3.240395996327259,0.7190631233491827,0.3210469145039586,-0.006373224768984985,0.20513065289466337,-0.9348340529082158,1.1938158789620357,-2.81480014971867,-1.122027286460575,0.8542847339638522,-1.180059570683828,-0.3193664756483459,501.8968243696402,0
98,-0.6603109916941894,1.804059411505638,1.5344267207384048,-0.4528525026099318,-0.03395269419306633,0.1290838202471377,-0.6365838017234785,-0.26681896072794187,-0.5588961571204247,-0.47160214219552665,0.9036512636075985,-0.9189889520307936,0.35145558153298795,-2.1188673871398773,-0.6998503313200873,-0.36794438858436157,-0.8856764136629426,-1.4738203132539314,1.144239829506518,0.13107011543833866,2.3715228844962755,0.06974093462241657,-0.9943007308775236,-0.2535865971812842,-0.07098518209471907,0.22397840467220148,-1.3630724347029837,0.7768347389840401,525.0794331578512,1
99,0.03278002884026872,0.22048433913262666,1.6274115586833164,-1.2619820396769321,0.9891201203519766,-0.10154828458027819,-1.7348004349914314,-0.9073617356757709,-0.6725702093188515,-1.446012227778603,1.2909972442371913,-1.07559572923644,-0.4688840729702709,0.10264894715385266,-0.8758211120200499,-0.28549850180025543,1.4665226934870799,0.20873816664152295,1.26855964925122,0.295820274877541,2.4614941334982636,-0.15610410049302917,1.0931553814778032,0.967898052319424,1.152588612992661,1.0273560137261346,-0.18452530646419654,0.370452303701131,953.1314360274888,1
